-- ============================================================
-- PARO 시드 데이터 v2  (UUID hex 전용)
-- artists        : a1~a5
-- tracks         : b1~ba
-- sample_packs   : c1~c3
-- commission_items: d1~d3
-- collections    : e1~e4
-- ============================================================

-- ------------------------------------
-- ARTISTS (5명)
-- ------------------------------------

INSERT INTO artists (id, name, bio, profile_image, instruments, vocal_type, jangdan, emotion, region, timbre, purpose, genre_blend, trade_type, license_scope, collab_open, energy_level, commercial_fit) VALUES

('a1000000-0000-0000-0000-000000000001',
 '이소연',
 '해금 연주자이자 작곡가. 전통 해금의 음색을 전자음악과 결합한 사운드스케이프를 만들어냄.',
 '/images/artist_a1.jpg',
 ARRAY['해금'], ARRAY[]::TEXT[], ARRAY['굿거리','세마치'],
 ARRAY['몽환','한','고요함'], ARRAY['경기'], ARRAY['맑은','몽환적'],
 ARRAY['영상BGM','게임','전시'], ARRAY['앰비언트','EDM'],
 ARRAY['음원','의뢰'], ARRAY['개인','상업','광고'],
 true, 2, 4),

('a2000000-0000-0000-0000-000000000002',
 '박두리',
 '장구·북 전문 타악 연주자. 신명나는 에너지와 현대적 비트를 접목하는 작업을 즐긴다.',
 '/images/artist_a2.jpg',
 ARRAY['장구','북','징'], ARRAY[]::TEXT[], ARRAY['자진모리','굿거리','중중모리'],
 ARRAY['신명','흥'], ARRAY['남도','경기'], ARRAY['타격감','깊은'],
 ARRAY['영상BGM','광고','숏폼'], ARRAY['힙합','EDM'],
 ARRAY['음원','샘플팩','의뢰'], ARRAY['상업','광고','방송'],
 true, 5, 5),

('a3000000-0000-0000-0000-000000000003',
 '김정훈',
 '대금·소금 연주자. 자연의 소리를 담아내는 명상적 사운드를 추구한다.',
 '/images/artist_a3.jpg',
 ARRAY['대금','소금'], ARRAY[]::TEXT[], ARRAY['세마치'],
 ARRAY['고요함','한','몽환'], ARRAY['경기','동부'], ARRAY['맑은','깊은'],
 ARRAY['영상BGM','전시','광고'], ARRAY['앰비언트','영화음악'],
 ARRAY['음원','악보','의뢰'], ARRAY['개인','상업','방송'],
 true, 1, 3),

('a4000000-0000-0000-0000-000000000004',
 '최나래',
 '판소리 보컬리스트 & 프로듀서. 전통 발성을 현대 팝·힙합과 결합한 크로스오버 작업.',
 '/images/artist_a4.jpg',
 ARRAY['가야금'], ARRAY['판소리','민요'], ARRAY['자진모리','중중모리'],
 ARRAY['비장함','흥','해학'], ARRAY['남도'], ARRAY['거친','깊은'],
 ARRAY['영상BGM','광고','공연','런웨이'], ARRAY['K-POP','힙합','재즈'],
 ARRAY['음원','의뢰'], ARRAY['상업','광고','게임'],
 true, 4, 5),

('a5000000-0000-0000-0000-000000000005',
 '오세환',
 '가야금 산조 명인 출신의 작곡가. 현대 영화·드라마 사운드트랙 다수 참여.',
 '/images/artist_a5.jpg',
 ARRAY['가야금','거문고'], ARRAY['정가'], ARRAY['굿거리','자진모리','세마치'],
 ARRAY['한','비장함','고요함'], ARRAY['경기','동부'], ARRAY['깊은','맑은'],
 ARRAY['영상BGM','공연','전시'], ARRAY['영화음악','앰비언트'],
 ARRAY['음원','악보','의뢰'], ARRAY['개인','상업','방송','광고'],
 true, 3, 5);

-- ------------------------------------
-- TRACKS (10곡)
-- ------------------------------------

INSERT INTO tracks (id, artist_id, title, description, duration_sec, audio_url, cover_image, price, instruments, vocal_type, jangdan, emotion, region, timbre, purpose, genre_blend, trade_type, license_scope, collab_open, energy_level, commercial_fit) VALUES

('b1000000-0000-0000-0000-000000000001',
 'a1000000-0000-0000-0000-000000000001',
 '안개 속의 해금',
 '새벽 안개처럼 스며드는 해금 선율. 전자 패드와 레이어드하여 몽환적 분위기를 극대화.',
 187, null, null, 150000,
 ARRAY['해금'], ARRAY[]::TEXT[], ARRAY['세마치'],
 ARRAY['몽환','고요함'], ARRAY['경기'], ARRAY['맑은','몽환적'],
 ARRAY['영상BGM','전시','게임'], ARRAY['앰비언트'],
 ARRAY['음원'], ARRAY['개인','상업'], false, 2, 4),

('b2000000-0000-0000-0000-000000000002',
 'a2000000-0000-0000-0000-000000000002',
 '장단 폭발',
 '장구와 북의 절묘한 조합. 에너지 넘치는 타악 그루브로 숏폼·광고에 최적화.',
 95, null, null, 200000,
 ARRAY['장구','북'], ARRAY[]::TEXT[], ARRAY['자진모리'],
 ARRAY['신명','흥'], ARRAY['남도'], ARRAY['타격감'],
 ARRAY['광고','숏폼','영상BGM'], ARRAY['힙합','EDM'],
 ARRAY['음원','스템'], ARRAY['상업','광고','방송'], false, 5, 5),

('b3000000-0000-0000-0000-000000000003',
 'a3000000-0000-0000-0000-000000000003',
 '대금, 빈 들을 가로지르다',
 '광활한 평원을 연상시키는 대금 독주. 최소한의 편곡으로 자연 울림을 살렸다.',
 210, null, null, 120000,
 ARRAY['대금'], ARRAY[]::TEXT[], ARRAY['세마치'],
 ARRAY['한','고요함'], ARRAY['경기'], ARRAY['맑은','깊은'],
 ARRAY['영상BGM','전시'], ARRAY['앰비언트','영화음악'],
 ARRAY['음원'], ARRAY['개인','상업'], false, 1, 3),

('b4000000-0000-0000-0000-000000000004',
 'a4000000-0000-0000-0000-000000000004',
 '소리꾼의 새벽',
 '판소리 발성과 현대 힙합 비트의 충돌. 강렬한 퍼포먼스 에너지.',
 178, null, null, 250000,
 ARRAY['가야금'], ARRAY['판소리'], ARRAY['중중모리'],
 ARRAY['비장함','흥'], ARRAY['남도'], ARRAY['거친','깊은'],
 ARRAY['광고','런웨이','영상BGM'], ARRAY['힙합','K-POP'],
 ARRAY['음원'], ARRAY['상업','광고'], false, 4, 5),

('b5000000-0000-0000-0000-000000000005',
 'a5000000-0000-0000-0000-000000000005',
 '가야금 서사',
 '산조 기법을 바탕으로 한 장엄한 서사 구조. 영화 오프닝 타이틀에 어울리는 스케일.',
 243, null, null, 300000,
 ARRAY['가야금'], ARRAY[]::TEXT[], ARRAY['굿거리','자진모리'],
 ARRAY['비장함','한'], ARRAY['경기'], ARRAY['깊은'],
 ARRAY['영상BGM','공연'], ARRAY['영화음악'],
 ARRAY['음원','악보'], ARRAY['상업','방송'], false, 3, 5),

('b6000000-0000-0000-0000-000000000006',
 'a1000000-0000-0000-0000-000000000001',
 '해금 드리프트',
 'EDM 신스와 해금의 실험적 결합. 클럽과 전통 공연장 사이 어딘가.',
 205, null, null, 180000,
 ARRAY['해금'], ARRAY[]::TEXT[], ARRAY['굿거리'],
 ARRAY['신명','몽환'], ARRAY['경기'], ARRAY['몽환적'],
 ARRAY['게임','영상BGM'], ARRAY['EDM'],
 ARRAY['음원','스템'], ARRAY['상업','게임'], false, 4, 4),

('b7000000-0000-0000-0000-000000000007',
 'a2000000-0000-0000-0000-000000000002',
 '굿판 리믹스',
 '굿거리 장단을 EDM 구조로 재해석. 샘플링 친화적으로 설계된 루프 중심 트랙.',
 152, null, null, 220000,
 ARRAY['장구','징'], ARRAY[]::TEXT[], ARRAY['굿거리'],
 ARRAY['신명'], ARRAY['남도'], ARRAY['타격감'],
 ARRAY['게임','숏폼'], ARRAY['EDM','힙합'],
 ARRAY['음원','스템'], ARRAY['상업','게임'], false, 5, 5),

('b8000000-0000-0000-0000-000000000008',
 'a3000000-0000-0000-0000-000000000003',
 '소금의 숨',
 '극도로 섬세한 소금 연주. 명상·요가·웰니스 콘텐츠 배경음으로 인기.',
 320, null, null, 100000,
 ARRAY['소금'], ARRAY[]::TEXT[], ARRAY[]::TEXT[],
 ARRAY['고요함'], ARRAY['경기'], ARRAY['맑은'],
 ARRAY['영상BGM','전시'], ARRAY['앰비언트'],
 ARRAY['음원'], ARRAY['개인','상업'], false, 1, 2),

('b9000000-0000-0000-0000-000000000009',
 'a4000000-0000-0000-0000-000000000004',
 '민요 재즈',
 '경기 민요 선율을 재즈 화성으로 풀어냈다. 팝적이고 가벼우면서도 한국적 정서.',
 196, null, null, 200000,
 ARRAY['가야금'], ARRAY['민요'], ARRAY['세마치'],
 ARRAY['흥','해학'], ARRAY['경기'], ARRAY['맑은'],
 ARRAY['영상BGM','광고'], ARRAY['재즈','K-POP'],
 ARRAY['음원'], ARRAY['상업','광고'], false, 3, 5),

('ba000000-0000-0000-0000-000000000010',
 'a5000000-0000-0000-0000-000000000005',
 '거문고, 어둠을 타다',
 '묵직한 거문고 저음과 현대 오케스트라의 결합. 공포·스릴러 장르 영상에 최적.',
 228, null, null, 280000,
 ARRAY['거문고'], ARRAY[]::TEXT[], ARRAY['중중모리'],
 ARRAY['비장함','한'], ARRAY['동부'], ARRAY['깊은','거친'],
 ARRAY['영상BGM','게임'], ARRAY['영화음악'],
 ARRAY['음원'], ARRAY['상업','방송','게임'], false, 3, 4);

-- ------------------------------------
-- SAMPLE_PACKS (3개)
-- ------------------------------------

INSERT INTO sample_packs (id, artist_id, title, description, file_count, cover_image, price, instruments, vocal_type, jangdan, emotion, region, timbre, purpose, genre_blend, trade_type, license_scope, collab_open, energy_level, commercial_fit) VALUES

('c1000000-0000-0000-0000-000000000001',
 'a2000000-0000-0000-0000-000000000002',
 '국악 타악 Essential Pack',
 '장구, 북, 징, 꽹과리 등 주요 국악 타악기 원음 샘플 120종. 루프 + 1샷 구성.',
 120, null, 89000,
 ARRAY['장구','북','징','꽹과리'], ARRAY[]::TEXT[], ARRAY['굿거리','자진모리','중중모리'],
 ARRAY['신명','흥'], ARRAY['남도','경기'], ARRAY['타격감'],
 ARRAY['영상BGM','광고','숏폼','게임'], ARRAY['힙합','EDM'],
 ARRAY['샘플팩'], ARRAY['개인','상업'], false, 4, 5),

('c2000000-0000-0000-0000-000000000002',
 'a1000000-0000-0000-0000-000000000001',
 '해금 텍스처 & 드론 Pack',
 '해금 활 소리 텍스처, 드론, 하모닉스 등 분위기 레이어용 샘플 85종.',
 85, null, 69000,
 ARRAY['해금'], ARRAY[]::TEXT[], ARRAY[]::TEXT[],
 ARRAY['몽환','고요함','한'], ARRAY['경기'], ARRAY['맑은','몽환적'],
 ARRAY['영상BGM','전시','게임'], ARRAY['앰비언트','EDM'],
 ARRAY['샘플팩'], ARRAY['개인','상업','게임'], false, 2, 4),

('c3000000-0000-0000-0000-000000000003',
 'a3000000-0000-0000-0000-000000000003',
 '관악 멜로디 루프 Pack',
 '대금·소금·단소 멜로디 루프 60종. 다양한 BPM과 키로 정리된 프로덕션 친화 팩.',
 60, null, 59000,
 ARRAY['대금','소금','단소'], ARRAY[]::TEXT[], ARRAY['세마치','굿거리'],
 ARRAY['고요함','한','신명'], ARRAY['경기','동부'], ARRAY['맑은','깊은'],
 ARRAY['영상BGM','게임','광고'], ARRAY['앰비언트','영화음악','힙합'],
 ARRAY['샘플팩'], ARRAY['개인','상업','게임'], false, 2, 4);

-- ------------------------------------
-- COMMISSION_ITEMS (3개)
-- ------------------------------------

INSERT INTO commission_items (id, artist_id, title, description, cover_image, price_from, delivery_days, instruments, vocal_type, jangdan, emotion, region, timbre, purpose, genre_blend, trade_type, license_scope, collab_open, energy_level, commercial_fit) VALUES

('d1000000-0000-0000-0000-000000000001',
 'a4000000-0000-0000-0000-000000000004',
 '판소리 보컬 커스텀 의뢰',
 '판소리·민요 발성으로 원하는 가사·선율을 녹음. 광고·영상 내레이션 포함.',
 null, 500000, 14,
 ARRAY['가야금'], ARRAY['판소리','민요'], ARRAY['자진모리','중중모리'],
 ARRAY['비장함','흥','해학'], ARRAY['남도'], ARRAY['거친','깊은'],
 ARRAY['광고','영상BGM','공연','런웨이'], ARRAY['K-POP','힙합','재즈'],
 ARRAY['의뢰'], ARRAY['상업','광고','방송'], true, 4, 5),

('d2000000-0000-0000-0000-000000000002',
 'a5000000-0000-0000-0000-000000000005',
 '영상·게임 OST 작곡 의뢰',
 '가야금·거문고 중심 국악 OST 풀 프로덕션. 편성 협의 가능.',
 null, 1000000, 21,
 ARRAY['가야금','거문고'], ARRAY[]::TEXT[], ARRAY['굿거리','자진모리'],
 ARRAY['한','비장함','고요함'], ARRAY['경기','동부'], ARRAY['깊은','맑은'],
 ARRAY['영상BGM','게임','공연'], ARRAY['영화음악','앰비언트'],
 ARRAY['의뢰'], ARRAY['상업','방송','광고','게임'], true, 3, 5),

('d3000000-0000-0000-0000-000000000003',
 'a2000000-0000-0000-0000-000000000002',
 '타악 퍼포먼스 세션 의뢰',
 '장구·북 라이브 세션 녹음 또는 스튜디오 레코딩. 루프 설계 포함.',
 null, 300000, 7,
 ARRAY['장구','북','징'], ARRAY[]::TEXT[], ARRAY['굿거리','자진모리','중중모리'],
 ARRAY['신명','흥'], ARRAY['남도','경기'], ARRAY['타격감','깊은'],
 ARRAY['광고','숏폼','게임'], ARRAY['힙합','EDM'],
 ARRAY['의뢰'], ARRAY['상업','광고','게임'], true, 5, 5);

-- ------------------------------------
-- COLLECTIONS (4개)
-- ------------------------------------

INSERT INTO collections (id, title, description, cover_image, sort_order) VALUES
('e1000000-0000-0000-0000-000000000001', '몽환적인 해금 사운드',              '안개처럼 스며드는 해금의 울림. 영상·전시·게임 배경음으로 제격인 컬렉션.',          null, 1),
('e2000000-0000-0000-0000-000000000002', '신명나는 타악 기반 국악',            '장구·북·꽹과리가 만드는 폭발적 에너지. 광고·숏폼·EDM 프로덕션 필수 소스.',       null, 2),
('e3000000-0000-0000-0000-000000000003', '전자음악과 어울리는 국악 소스',      'EDM·힙합·앰비언트 프로덕션에 레이어할 수 있는 국악 텍스처·루프 모음.',           null, 3),
('e4000000-0000-0000-0000-000000000004', '영상 오프닝에 어울리는 장엄한 국악', '가야금·거문고·대금이 만드는 서사적 스케일. 타이틀 시퀀스·예고편에 최적.',        null, 4);

INSERT INTO collection_items (collection_id, item_type, item_id, sort_order) VALUES
('e1000000-0000-0000-0000-000000000001', 'track',           'b1000000-0000-0000-0000-000000000001', 1),
('e1000000-0000-0000-0000-000000000001', 'track',           'b6000000-0000-0000-0000-000000000006', 2),
('e1000000-0000-0000-0000-000000000001', 'sample_pack',     'c2000000-0000-0000-0000-000000000002', 3),
('e2000000-0000-0000-0000-000000000002', 'track',           'b2000000-0000-0000-0000-000000000002', 1),
('e2000000-0000-0000-0000-000000000002', 'track',           'b7000000-0000-0000-0000-000000000007', 2),
('e2000000-0000-0000-0000-000000000002', 'sample_pack',     'c1000000-0000-0000-0000-000000000001', 3),
('e3000000-0000-0000-0000-000000000003', 'track',           'b6000000-0000-0000-0000-000000000006', 1),
('e3000000-0000-0000-0000-000000000003', 'track',           'b7000000-0000-0000-0000-000000000007', 2),
('e3000000-0000-0000-0000-000000000003', 'sample_pack',     'c1000000-0000-0000-0000-000000000001', 3),
('e3000000-0000-0000-0000-000000000003', 'sample_pack',     'c2000000-0000-0000-0000-000000000002', 4),
('e4000000-0000-0000-0000-000000000004', 'track',           'b5000000-0000-0000-0000-000000000005', 1),
('e4000000-0000-0000-0000-000000000004', 'track',           'ba000000-0000-0000-0000-000000000010', 2),
('e4000000-0000-0000-0000-000000000004', 'track',           'b3000000-0000-0000-0000-000000000003', 3),
('e4000000-0000-0000-0000-000000000004', 'commission_item', 'd2000000-0000-0000-0000-000000000002', 4);
